mut	mut_class	input
Q1P	missense	5
Q1S	missense	50
Q1H	missense	22
Q1Y	missense	56
Q1G	missense	69
Q1W	missense	20
Q1R	missense	48
Q1_	nonsense	26
Q1M	missense	20
Q1T	missense	36
Q1I	missense	31
Q1K	missense	42
Q1Q	silent	38
Q1C	missense	28
Q1L	missense	66
Q1V	missense	20
Q1N	missense	42
Q1D	missense	21
Q1E	missense	16
Q1A	missense	11
Q1F	missense	35
V2F	missense	16
V2L	missense	130
V2S	missense	104
V2E	missense	56
V2P	missense	42
V2_	nonsense	42
V2G	missense	159
V2T	missense	47
V2D	missense	39
V2V	silent	135
V2A	missense	24
V2R	missense	115
V2H	missense	16
V2Y	missense	84
V2I	missense	15
V2K	missense	39
V2W	missense	75
V2N	missense	50
V2C	missense	79
V2Q	missense	21
V2M	missense	59
Q3P	missense	22
Q3S	missense	51
Q3Q	silent	35
Q3L	missense	85
Q3G	missense	73
Q3E	missense	28
Q3D	missense	25
Q3C	missense	22
Q3W	missense	23
Q3F	missense	42
Q3H	missense	31
Q3R	missense	76
Q3V	missense	35
Q3A	missense	25
Q3I	missense	40
Q3T	missense	13
Q3_	nonsense	14
Q3Y	missense	52
Q3K	missense	25
Q3N	missense	47
Q3M	missense	7
L4T	missense	232
L4R	missense	386
L4C	missense	191
L4L	silent	377
L4N	missense	211
L4W	missense	180
L4V	missense	237
L4I	missense	223
L4S	missense	496
L4E	missense	150
L4Q	missense	69
L4D	missense	139
L4F	missense	259
L4P	missense	78
L4_	nonsense	226
L4H	missense	116
L4Y	missense	322
L4G	missense	373
L4M	missense	190
L4K	missense	150
L4A	missense	146
V5T	missense	139
V5P	missense	147
V5Q	missense	67
V5I	missense	268
V5S	missense	333
V5K	missense	48
V5F	missense	252
V5L	missense	389
V5M	missense	95
V5V	silent	239
V5D	missense	109
V5A	missense	114
V5E	missense	50
V5Y	missense	222
V5G	missense	144
V5H	missense	87
V5R	missense	223
V5N	missense	134
V5C	missense	54
V5_	nonsense	86
V5W	missense	10
Q6Y	missense	152
Q6D	missense	151
Q6I	missense	137
Q6F	missense	155
Q6C	missense	154
Q6S	missense	325
Q6A	missense	100
Q6G	missense	270
Q6N	missense	112
Q6R	missense	236
Q6V	missense	168
Q6L	missense	132
Q6M	missense	59
Q6T	missense	139
Q6P	missense	117
Q6K	missense	84
Q6E	missense	88
Q6_	nonsense	74
Q6Q	silent	76
Q6W	missense	79
Q6H	missense	84
S7D	missense	115
S7C	missense	217
S7P	missense	85
S7I	missense	244
S7F	missense	255
S7L	missense	300
S7Y	missense	179
S7R	missense	261
S7G	missense	218
S7H	missense	104
S7W	missense	124
S7N	missense	153
S7S	silent	378
S7E	missense	77
S7Q	missense	50
S7_	nonsense	81
S7M	missense	132
S7A	missense	39
S7K	missense	59
S7V	missense	240
S7T	missense	147
G8G	silent	356
G8R	missense	624
G8_	nonsense	200
G8S	missense	570
G8W	missense	44
G8H	missense	200
G8Y	missense	301
G8K	missense	147
G8L	missense	390
G8E	missense	84
G8T	missense	181
G8Q	missense	135
G8I	missense	243
G8V	missense	179
G8D	missense	210
G8F	missense	241
G8N	missense	212
G8A	missense	222
G8C	missense	165
G8P	missense	228
G8M	missense	167
A9H	missense	63
A9V	missense	303
A9S	missense	365
A9F	missense	256
A9T	missense	116
A9D	missense	101
A9K	missense	71
A9L	missense	355
A9C	missense	207
A9G	missense	238
A9E	missense	88
A9N	missense	102
A9A	silent	199
A9M	missense	150
A9_	nonsense	109
A9W	missense	160
A9R	missense	193
A9I	missense	147
A9Y	missense	149
A9P	missense	67
A9Q	missense	21
E10F	missense	273
E10M	missense	98
E10R	missense	196
E10V	missense	411
E10C	missense	138
E10T	missense	105
E10K	missense	92
E10S	missense	341
E10E	silent	174
E10W	missense	142
E10I	missense	141
E10Y	missense	184
E10L	missense	345
E10A	missense	164
E10H	missense	92
E10_	nonsense	139
E10D	missense	177
E10P	missense	103
E10G	missense	311
E10Q	missense	86
E10N	missense	109
V11K	missense	104
V11R	missense	281
V11Y	missense	190
V11_	nonsense	108
V11S	missense	387
V11V	silent	587
V11G	missense	389
V11D	missense	130
V11W	missense	142
V11P	missense	120
V11C	missense	259
V11M	missense	178
V11A	missense	207
V11I	missense	191
V11F	missense	326
V11T	missense	150
V11H	missense	97
V11E	missense	151
V11L	missense	531
V11N	missense	88
V11Q	missense	55
K12T	missense	134
K12R	missense	322
K12_	nonsense	144
K12P	missense	103
K12E	missense	150
K12L	missense	346
K12S	missense	383
K12I	missense	149
K12F	missense	208
K12V	missense	355
K12G	missense	295
K12Q	missense	91
K12M	missense	99
K12H	missense	98
K12A	missense	163
K12N	missense	124
K12Y	missense	215
K12C	missense	193
K12W	missense	132
K12D	missense	162
K12K	silent	103
K13S	missense	285
K13H	missense	54
K13M	missense	143
K13R	missense	229
K13D	missense	114
K13I	missense	144
K13V	missense	333
K13P	missense	118
K13A	missense	161
K13E	missense	102
K13L	missense	359
K13K	silent	75
K13N	missense	109
K13C	missense	157
K13W	missense	193
K13F	missense	181
K13Q	missense	74
K13Y	missense	130
K13T	missense	163
K13G	missense	296
K13_	nonsense	106
P14R	missense	290
P14C	missense	178
P14Y	missense	165
P14S	missense	400
P14W	missense	168
P14P	silent	183
P14L	missense	390
P14H	missense	84
P14_	nonsense	114
P14V	missense	336
P14F	missense	241
P14D	missense	128
P14Q	missense	129
P14T	missense	113
P14A	missense	202
P14G	missense	254
P14K	missense	80
P14E	missense	88
P14N	missense	114
P14I	missense	141
P14M	missense	81
G15_	nonsense	93
G15S	missense	286
G15L	missense	310
G15A	missense	154
G15F	missense	265
G15V	missense	321
G15T	missense	135
G15G	silent	279
G15R	missense	285
G15N	missense	107
G15P	missense	84
G15M	missense	94
G15W	missense	88
G15H	missense	86
G15Y	missense	123
G15Q	missense	53
G15K	missense	69
G15D	missense	98
G15C	missense	183
G15I	missense	128
G15E	missense	70
S16G	missense	261
S16A	missense	157
S16T	missense	119
S16N	missense	72
S16S	silent	365
S16Y	missense	131
S16F	missense	180
S16L	missense	230
S16R	missense	232
S16V	missense	248
S16P	missense	78
S16M	missense	106
S16C	missense	171
S16Q	missense	66
S16I	missense	173
S16D	missense	102
S16H	missense	65
S16K	missense	65
S16E	missense	78
S16W	missense	116
S16_	nonsense	73
S17C	missense	277
S17S	silent	427
S17L	missense	347
S17V	missense	388
S17R	missense	325
S17Y	missense	182
S17I	missense	154
S17T	missense	147
S17M	missense	106
S17A	missense	188
S17G	missense	346
S17H	missense	97
S17_	nonsense	124
S17F	missense	330
S17K	missense	118
S17W	missense	138
S17D	missense	87
S17E	missense	104
S17N	missense	113
S17Q	missense	78
S17P	missense	103
V18F	missense	277
V18_	nonsense	123
V18S	missense	397
V18P	missense	101
V18T	missense	143
V18A	missense	220
V18C	missense	281
V18V	silent	512
V18L	missense	373
V18R	missense	280
V18M	missense	145
V18Y	missense	171
V18E	missense	114
V18D	missense	159
V18I	missense	246
V18G	missense	386
V18H	missense	62
V18N	missense	80
V18K	missense	58
V18W	missense	200
V18Q	missense	37
K19C	missense	242
K19V	missense	506
K19S	missense	409
K19W	missense	160
K19P	missense	123
K19I	missense	203
K19R	missense	314
K19H	missense	145
K19Y	missense	184
K19K	silent	175
K19T	missense	234
K19F	missense	89
K19M	missense	202
K19N	missense	188
K19G	missense	314
K19_	nonsense	202
K19E	missense	156
K19Q	missense	130
K19L	missense	424
K19A	missense	228
K19D	missense	96
V20T	missense	182
V20K	missense	111
V20P	missense	132
V20W	missense	243
V20_	nonsense	205
V20V	silent	625
V20D	missense	181
V20R	missense	442
V20C	missense	292
V20A	missense	311
V20L	missense	566
V20Y	missense	239
V20F	missense	397
V20S	missense	396
V20G	missense	554
V20I	missense	188
V20Q	missense	103
V20E	missense	176
V20N	missense	136
V20M	missense	166
V20H	missense	124
S21R	missense	499
S21I	missense	225
S21M	missense	170
S21V	missense	439
S21L	missense	406
S21P	missense	106
S21_	nonsense	131
S21F	missense	278
S21T	missense	131
S21N	missense	76
S21A	missense	202
S21C	missense	281
S21G	missense	518
S21Y	missense	177
S21S	silent	421
S21W	missense	187
S21E	missense	106
S21D	missense	118
S21K	missense	70
S21H	missense	100
S21Q	missense	76
C22R	missense	331
C22C	silent	269
C22L	missense	425
C22T	missense	144
C22A	missense	204
C22S	missense	371
C22F	missense	214
C22E	missense	149
C22_	nonsense	115
C22Y	missense	128
C22G	missense	443
C22N	missense	92
C22I	missense	147
C22P	missense	108
C22W	missense	171
C22K	missense	56
C22V	missense	407
C22D	missense	88
C22Q	missense	53
C22M	missense	107
C22H	missense	39
K23N	missense	132
K23R	missense	261
K23K	silent	91
K23E	missense	98
K23I	missense	155
K23Y	missense	196
K23G	missense	187
K23V	missense	235
K23L	missense	307
K23P	missense	96
K23M	missense	99
K23C	missense	170
K23F	missense	204
K23D	missense	90
K23T	missense	144
K23Q	missense	75
K23A	missense	62
K23S	missense	347
K23H	missense	102
K23W	missense	134
K23_	nonsense	133
S24F	missense	358
S24T	missense	196
S24W	missense	172
S24V	missense	464
S24G	missense	505
S24Y	missense	249
S24A	missense	223
S24E	missense	73
S24I	missense	243
S24Q	missense	62
S24H	missense	114
S24M	missense	100
S24S	silent	561
S24D	missense	155
S24R	missense	407
S24K	missense	102
S24L	missense	219
S24_	nonsense	147
S24P	missense	138
S24C	missense	338
S24N	missense	149
S25L	missense	344
S25V	missense	377
S25S	silent	502
S25I	missense	220
S25D	missense	171
S25_	nonsense	102
S25H	missense	151
S25C	missense	326
S25G	missense	444
S25T	missense	204
S25R	missense	386
S25Y	missense	202
S25A	missense	295
S25E	missense	108
S25N	missense	137
S25K	missense	87
S25W	missense	172
S25Q	missense	91
S25P	missense	157
S25M	missense	99
S25F	missense	207
G26P	missense	138
G26R	missense	481
G26S	missense	450
G26W	missense	213
G26G	silent	618
G26V	missense	437
G26K	missense	136
G26N	missense	108
G26L	missense	414
G26T	missense	189
G26F	missense	218
G26D	missense	149
G26M	missense	156
G26A	missense	293
G26C	missense	205
G26H	missense	99
G26E	missense	156
G26I	missense	151
G26_	nonsense	117
G26Y	missense	131
G26Q	missense	99
G27_	nonsense	143
G27R	missense	489
G27V	missense	522
G27G	silent	678
G27F	missense	230
G27I	missense	185
G27A	missense	293
G27C	missense	197
G27S	missense	466
G27D	missense	170
G27T	missense	237
G27M	missense	177
G27L	missense	436
G27W	missense	245
G27P	missense	147
G27H	missense	119
G27K	missense	92
G27Y	missense	163
G27N	missense	118
G27E	missense	142
G27Q	missense	106
T28R	missense	396
T28Y	missense	103
T28L	missense	449
T28V	missense	394
T28C	missense	202
T28A	missense	237
T28S	missense	352
T28G	missense	428
T28P	missense	153
T28M	missense	111
T28E	missense	155
T28K	missense	83
T28T	silent	193
T28_	nonsense	150
T28N	missense	90
T28H	missense	102
T28D	missense	140
T28W	missense	177
T28I	missense	133
T28F	missense	183
T28Q	missense	65
S29H	missense	113
S29A	missense	279
S29C	missense	242
S29L	missense	492
S29F	missense	286
S29S	silent	467
S29Q	missense	76
S29V	missense	477
S29G	missense	501
S29T	missense	219
S29Y	missense	126
S29I	missense	185
S29W	missense	245
S29R	missense	495
S29N	missense	152
S29M	missense	149
S29_	nonsense	137
S29P	missense	155
S29D	missense	153
S29E	missense	111
S29K	missense	103
N30M	missense	154
N30R	missense	461
N30F	missense	271
N30D	missense	164
N30L	missense	473
N30H	missense	116
N30K	missense	79
N30A	missense	284
N30G	missense	431
N30T	missense	197
N30V	missense	445
N30E	missense	97
N30W	missense	177
N30S	missense	385
N30Y	missense	182
N30P	missense	180
N30N	silent	131
N30_	nonsense	146
N30I	missense	170
N30C	missense	227
N30Q	missense	72
N31N	silent	203
N31V	missense	364
N31L	missense	419
N31Q	missense	119
N31K	missense	89
N31E	missense	142
N31R	missense	319
N31Y	missense	167
N31M	missense	132
N31A	missense	296
N31C	missense	193
N31W	missense	184
N31_	nonsense	140
N31S	missense	451
N31T	missense	167
N31G	missense	384
N31P	missense	163
N31F	missense	162
N31D	missense	130
N31I	missense	156
N31H	missense	112
Y32G	missense	433
Y32P	missense	180
Y32W	missense	200
Y32C	missense	196
Y32_	nonsense	110
Y32Q	missense	119
Y32R	missense	423
Y32L	missense	420
Y32S	missense	352
Y32I	missense	143
Y32F	missense	151
Y32V	missense	366
Y32A	missense	258
Y32Y	silent	147
Y32K	missense	106
Y32D	missense	131
Y32E	missense	119
Y32N	missense	98
Y32M	missense	121
Y32T	missense	204
Y32H	missense	87
A33A	silent	243
A33R	missense	236
A33G	missense	241
A33S	missense	294
A33N	missense	95
A33V	missense	288
A33_	nonsense	122
A33D	missense	65
A33E	missense	117
A33M	missense	96
A33T	missense	147
A33L	missense	260
A33Q	missense	80
A33H	missense	110
A33C	missense	127
A33W	missense	104
A33I	missense	136
A33K	missense	103
A33F	missense	145
A33P	missense	106
A33Y	missense	102
I34V	missense	114
I34S	missense	295
I34G	missense	145
I34T	missense	109
I34P	missense	52
I34F	missense	105
I34K	missense	66
I34L	missense	29
I34I	silent	118
I34Y	missense	120
I34R	missense	166
I34A	missense	123
I34C	missense	8
I34_	nonsense	122
I34M	missense	11
I34D	missense	56
I34H	missense	65
I34N	missense	65
I34Q	missense	3
I34W	missense	64
I34E	missense	60
S35_	nonsense	78
S35C	missense	114
S35I	missense	64
S35A	missense	120
S35L	missense	160
S35S	silent	211
S35M	missense	56
S35Q	missense	71
S35G	missense	87
S35R	missense	98
S35K	missense	74
S35E	missense	61
S35H	missense	72
S35T	missense	99
S35Y	missense	44
S35N	missense	86
S35V	missense	131
S35W	missense	82
S35F	missense	70
S35D	missense	57
S35P	missense	92
W36R	missense	294
W36N	missense	105
W36Q	missense	121
W36S	missense	238
W36A	missense	156
W36P	missense	137
W36W	silent	171
W36V	missense	231
W36_	nonsense	140
W36M	missense	122
W36K	missense	117
W36G	missense	324
W36C	missense	115
W36T	missense	145
W36L	missense	276
W36F	missense	68
W36D	missense	57
W36I	missense	82
W36E	missense	130
W36H	missense	66
W36Y	missense	76
V37V	silent	729
V37D	missense	297
V37Y	missense	263
V37R	missense	512
V37L	missense	602
V37N	missense	237
V37W	missense	241
V37G	missense	635
V37_	nonsense	202
V37E	missense	271
V37A	missense	359
V37S	missense	533
V37I	missense	257
V37T	missense	333
V37F	missense	311
V37K	missense	212
V37C	missense	186
V37M	missense	207
V37Q	missense	132
V37H	missense	166
V37P	missense	211
R38T	missense	327
R38C	missense	436
R38F	missense	381
R38K	missense	251
R38M	missense	235
R38A	missense	463
R38E	missense	259
R38L	missense	705
R38V	missense	660
R38N	missense	268
R38S	missense	754
R38Q	missense	176
R38D	missense	263
R38_	nonsense	280
R38G	missense	765
R38R	silent	951
R38I	missense	247
R38W	missense	335
R38Y	missense	253
R38P	missense	265
R38H	missense	230
Q39Y	missense	303
Q39V	missense	622
Q39Q	silent	238
Q39L	missense	746
Q39R	missense	784
Q39E	missense	296
Q39A	missense	461
Q39F	missense	451
Q39G	missense	757
Q39_	nonsense	312
Q39M	missense	283
Q39T	missense	395
Q39K	missense	248
Q39P	missense	331
Q39I	missense	276
Q39W	missense	287
Q39S	missense	689
Q39N	missense	282
Q39D	missense	294
Q39H	missense	350
Q39C	missense	318
A40N	missense	236
A40T	missense	295
A40A	silent	123
A40Q	missense	157
A40M	missense	235
A40F	missense	287
A40H	missense	237
A40C	missense	220
A40L	missense	515
A40R	missense	645
A40G	missense	746
A40W	missense	178
A40V	missense	535
A40K	missense	197
A40P	missense	272
A40E	missense	93
A40D	missense	159
A40I	missense	238
A40S	missense	534
A40_	nonsense	23
A40Y	missense	51
P41H	missense	218
P41Y	missense	345
P41S	missense	956
P41L	missense	946
P41V	missense	771
P41P	silent	398
P41A	missense	535
P41C	missense	394
P41D	missense	245
P41E	missense	233
P41I	missense	356
P41R	missense	712
P41F	missense	480
P41_	nonsense	247
P41W	missense	401
P41T	missense	452
P41G	missense	672
P41M	missense	279
P41Q	missense	170
P41N	missense	281
P41K	missense	195
G42Q	missense	71
G42S	missense	487
G42P	missense	231
G42C	missense	253
G42K	missense	116
G42L	missense	409
G42I	missense	184
G42G	silent	465
G42M	missense	167
G42Y	missense	219
G42R	missense	379
G42F	missense	278
G42V	missense	389
G42T	missense	186
G42W	missense	153
G42A	missense	229
G42D	missense	143
G42_	nonsense	133
G42H	missense	99
G42N	missense	131
G42E	missense	125
Q43Q	silent	176
Q43M	missense	162
Q43_	nonsense	145
Q43C	missense	153
Q43Y	missense	209
Q43L	missense	607
Q43S	missense	495
Q43F	missense	338
Q43R	missense	425
Q43V	missense	303
Q43I	missense	230
Q43N	missense	179
Q43E	missense	15
Q43P	missense	260
Q43A	missense	219
Q43H	missense	171
Q43D	missense	65
Q43W	missense	191
Q43K	missense	98
Q43G	missense	240
Q43T	missense	237
G44E	missense	104
G44R	missense	447
G44S	missense	670
G44A	missense	340
G44V	missense	469
G44G	silent	559
G44L	missense	531
G44P	missense	143
G44F	missense	321
G44N	missense	160
G44Y	missense	145
G44M	missense	129
G44C	missense	260
G44Q	missense	104
G44I	missense	279
G44_	nonsense	146
G44W	missense	166
G44H	missense	150
G44D	missense	70
G44K	missense	89
G44T	missense	206
L45A	missense	238
L45D	missense	144
L45W	missense	121
L45V	missense	384
L45Y	missense	203
L45L	silent	586
L45Q	missense	141
L45P	missense	301
L45T	missense	260
L45S	missense	452
L45H	missense	197
L45G	missense	264
L45K	missense	108
L45F	missense	296
L45E	missense	126
L45C	missense	148
L45R	missense	302
L45M	missense	148
L45I	missense	248
L45N	missense	152
L45_	nonsense	136
D46I	missense	138
D46P	missense	241
D46L	missense	387
D46R	missense	341
D46A	missense	319
D46W	missense	158
D46V	missense	408
D46_	nonsense	147
D46D	silent	136
D46G	missense	380
D46S	missense	399
D46C	missense	171
D46M	missense	124
D46Q	missense	112
D46T	missense	205
D46F	missense	187
D46Y	missense	163
D46K	missense	78
D46E	missense	168
D46H	missense	131
D46N	missense	114
W47D	missense	122
W47S	missense	460
W47V	missense	283
W47F	missense	238
W47A	missense	200
W47H	missense	171
W47P	missense	206
W47I	missense	137
W47W	silent	188
W47C	missense	261
W47L	missense	455
W47R	missense	450
W47_	nonsense	131
W47G	missense	245
W47N	missense	146
W47K	missense	85
W47T	missense	256
W47M	missense	171
W47Q	missense	98
W47Y	missense	165
W47E	missense	107
M48F	missense	208
M48R	missense	447
M48N	missense	130
M48L	missense	466
M48P	missense	282
M48Y	missense	187
M48V	missense	343
M48G	missense	403
M48I	missense	175
M48D	missense	163
M48A	missense	265
M48M	silent	178
M48T	missense	243
M48S	missense	478
M48C	missense	207
M48_	nonsense	133
M48H	missense	127
M48Q	missense	145
M48E	missense	68
M48K	missense	94
M48W	missense	173
G49D	missense	247
G49F	missense	408
G49T	missense	215
G49A	missense	266
G49K	missense	135
G49Q	missense	141
G49G	silent	829
G49W	missense	233
G49S	missense	582
G49H	missense	212
G49R	missense	592
G49L	missense	625
G49V	missense	600
G49Y	missense	308
G49_	nonsense	73
G49C	missense	311
G49N	missense	194
G49I	missense	284
G49E	missense	165
G49M	missense	180
G49P	missense	208
G50M	missense	163
G50E	missense	205
G50F	missense	384
G50C	missense	335
G50R	missense	574
G50P	missense	217
G50G	silent	876
G50A	missense	380
G50N	missense	182
G50I	missense	258
G50S	missense	685
G50_	nonsense	189
G50T	missense	300
G50L	missense	663
G50V	missense	677
G50D	missense	229
G50K	missense	183
G50W	missense	279
G50H	missense	130
G50Y	missense	302
G50Q	missense	136
I51I	silent	336
I51N	missense	191
I51A	missense	439
I51F	missense	358
I51G	missense	433
I51Y	missense	250
I51L	missense	474
I51_	nonsense	125
I51C	missense	171
I51M	missense	293
I51R	missense	506
I51V	missense	574
I51P	missense	250
I51S	missense	725
I51E	missense	192
I51H	missense	211
I51W	missense	243
I51T	missense	411
I51D	missense	165
I51K	missense	145
I51Q	missense	93
S52P	missense	239
S52S	silent	560
S52L	missense	687
S52I	missense	272
S52N	missense	180
S52R	missense	510
S52F	missense	337
S52V	missense	436
S52W	missense	209
S52D	missense	159
S52_	nonsense	199
S52C	missense	206
S52Y	missense	239
S52M	missense	208
S52A	missense	359
S52E	missense	140
S52Q	missense	140
S52G	missense	390
S52K	missense	207
S52T	missense	370
S52H	missense	125
P53I	missense	264
P53P	silent	455
P53Q	missense	114
P53L	missense	610
P53V	missense	380
P53W	missense	199
P53_	nonsense	132
P53A	missense	273
P53F	missense	323
P53G	missense	342
P53M	missense	180
P53R	missense	498
P53N	missense	195
P53T	missense	379
P53S	missense	650
P53C	missense	292
P53K	missense	117
P53D	missense	140
P53Y	missense	280
P53H	missense	182
P53E	missense	113
I54L	missense	714
I54M	missense	233
I54E	missense	125
I54Q	missense	163
I54A	missense	381
I54G	missense	492
I54D	missense	212
I54_	nonsense	183
I54I	silent	378
I54Y	missense	272
I54K	missense	168
I54F	missense	387
I54T	missense	482
I54R	missense	593
I54S	missense	688
I54N	missense	246
I54P	missense	370
I54C	missense	306
I54V	missense	552
I54W	missense	209
I54H	missense	252
F55K	missense	41
F55H	missense	132
F55M	missense	140
F55W	missense	168
F55N	missense	129
F55A	missense	305
F55V	missense	319
F55_	nonsense	101
F55D	missense	192
F55L	missense	639
F55I	missense	253
F55C	missense	259
F55F	silent	359
F55R	missense	251
F55T	missense	321
F55G	missense	341
F55S	missense	640
F55P	missense	259
F55Y	missense	231
F55E	missense	64
F55Q	missense	26
G56P	missense	272
G56S	missense	711
G56W	missense	238
G56G	silent	538
G56F	missense	430
G56R	missense	553
G56L	missense	705
G56M	missense	210
G56C	missense	362
G56V	missense	612
G56T	missense	360
G56Y	missense	297
G56D	missense	208
G56_	nonsense	182
G56I	missense	333
G56E	missense	146
G56N	missense	239
G56A	missense	187
G56H	missense	195
G56K	missense	197
G56Q	missense	148
S57R	missense	705
S57S	silent	734
S57A	missense	371
S57W	missense	292
S57V	missense	564
S57C	missense	239
S57G	missense	621
S57N	missense	202
S57_	nonsense	240
S57L	missense	532
S57E	missense	193
S57P	missense	259
S57K	missense	216
S57D	missense	180
S57F	missense	291
S57T	missense	320
S57M	missense	256
S57Y	missense	190
S57Q	missense	164
S57H	missense	158
S57I	missense	189
T58T	silent	209
T58G	missense	434
T58F	missense	198
T58R	missense	544
T58S	missense	234
T58I	missense	257
T58C	missense	233
T58V	missense	417
T58A	missense	186
T58L	missense	300
T58P	missense	165
T58Y	missense	221
T58M	missense	225
T58E	missense	174
T58K	missense	262
T58H	missense	203
T58Q	missense	156
T58_	nonsense	202
T58W	missense	210
T58D	missense	142
T58N	missense	148
A59V	missense	500
A59A	silent	391
A59F	missense	403
A59G	missense	572
A59C	missense	342
A59Q	missense	126
A59R	missense	481
A59W	missense	227
A59L	missense	704
A59K	missense	114
A59E	missense	194
A59S	missense	605
A59M	missense	212
A59P	missense	263
A59D	missense	207
A59_	nonsense	207
A59N	missense	275
A59I	missense	380
A59H	missense	180
A59T	missense	306
A59Y	missense	259
Y60Y	silent	204
Y60F	missense	217
Y60V	missense	457
Y60R	missense	682
Y60E	missense	291
Y60L	missense	449
Y60C	missense	238
Y60T	missense	179
Y60H	missense	187
Y60K	missense	186
Y60M	missense	209
Y60D	missense	196
Y60S	missense	347
Y60I	missense	165
Y60N	missense	190
Y60G	missense	628
Y60_	nonsense	183
Y60P	missense	158
Y60W	missense	278
Y60Q	missense	185
Y60A	missense	242
A61C	missense	224
A61L	missense	431
A61W	missense	203
A61S	missense	538
A61A	silent	581
A61D	missense	224
A61G	missense	700
A61F	missense	257
A61T	missense	404
A61R	missense	563
A61V	missense	491
A61N	missense	251
A61M	missense	169
A61P	missense	269
A61Y	missense	206
A61I	missense	207
A61E	missense	192
A61H	missense	150
A61K	missense	166
A61_	nonsense	165
A61Q	missense	133
Q62K	missense	213
Q62S	missense	664
Q62V	missense	442
Q62A	missense	373
Q62R	missense	482
Q62F	missense	280
Q62Y	missense	259
Q62I	missense	218
Q62G	missense	649
Q62H	missense	227
Q62C	missense	203
Q62D	missense	254
Q62W	missense	210
Q62T	missense	274
Q62L	missense	471
Q62E	missense	244
Q62Q	silent	188
Q62M	missense	205
Q62N	missense	198
Q62P	missense	278
Q62_	nonsense	200
K63A	missense	359
K63K	silent	283
K63G	missense	604
K63T	missense	347
K63N	missense	267
K63C	missense	300
K63Y	missense	249
K63R	missense	722
K63S	missense	686
K63W	missense	254
K63L	missense	498
K63E	missense	281
K63V	missense	458
K63H	missense	213
K63F	missense	254
K63D	missense	163
K63_	nonsense	269
K63P	missense	345
K63M	missense	249
K63I	missense	208
K63Q	missense	257
F64T	missense	301
F64N	missense	242
F64A	missense	326
F64G	missense	552
F64Q	missense	137
F64L	missense	448
F64V	missense	434
F64S	missense	455
F64H	missense	227
F64R	missense	581
F64_	nonsense	236
F64W	missense	240
F64P	missense	315
F64I	missense	254
F64C	missense	220
F64F	silent	401
F64M	missense	139
F64K	missense	232
F64D	missense	220
F64Y	missense	212
F64E	missense	189
Q65Q	silent	193
Q65Y	missense	281
Q65E	missense	158
Q65W	missense	231
Q65_	nonsense	198
Q65S	missense	667
Q65L	missense	777
Q65G	missense	413
Q65I	missense	233
Q65D	missense	159
Q65R	missense	522
Q65T	missense	262
Q65P	missense	261
Q65N	missense	168
Q65C	missense	264
Q65A	missense	292
Q65F	missense	440
Q65V	missense	494
Q65H	missense	195
Q65K	missense	146
Q65M	missense	187
G66C	missense	292
G66G	silent	643
G66S	missense	481
G66F	missense	352
G66V	missense	572
G66W	missense	253
G66A	missense	325
G66L	missense	570
G66M	missense	183
G66R	missense	492
G66T	missense	240
G66Y	missense	204
G66P	missense	247
G66_	nonsense	160
G66H	missense	135
G66D	missense	166
G66E	missense	156
G66K	missense	73
G66N	missense	122
G66I	missense	189
G66Q	missense	70
R67M	missense	187
R67L	missense	637
R67V	missense	488
R67G	missense	511
R67P	missense	246
R67Y	missense	208
R67S	missense	589
R67A	missense	369
R67Q	missense	138
R67F	missense	300
R67K	missense	131
R67C	missense	82
R67N	missense	158
R67E	missense	114
R67I	missense	192
R67H	missense	137
R67D	missense	181
R67R	silent	520
R67W	missense	213
R67T	missense	236
R67_	nonsense	145
V68_	nonsense	174
V68A	missense	404
V68L	missense	743
V68S	missense	581
V68E	missense	140
V68N	missense	135
V68G	missense	523
V68F	missense	425
V68P	missense	282
V68Q	missense	74
V68Y	missense	289
V68V	silent	593
V68C	missense	301
V68M	missense	172
V68R	missense	492
V68D	missense	148
V68K	missense	105
V68T	missense	259
V68W	missense	252
V68H	missense	129
V68I	missense	285
T69G	missense	476
T69Y	missense	285
T69I	missense	284
T69L	missense	633
T69R	missense	456
T69V	missense	499
T69M	missense	142
T69T	silent	396
T69S	missense	569
T69N	missense	201
T69C	missense	263
T69K	missense	93
T69W	missense	170
T69P	missense	232
T69F	missense	387
T69A	missense	353
T69_	nonsense	162
T69Q	missense	77
T69E	missense	149
T69D	missense	164
T69H	missense	138
I70S	missense	561
I70V	missense	627
I70M	missense	200
I70R	missense	490
I70A	missense	328
I70C	missense	314
I70N	missense	142
I70G	missense	515
I70T	missense	296
I70I	silent	348
I70L	missense	666
I70_	nonsense	156
I70Y	missense	255
I70E	missense	141
I70W	missense	194
I70K	missense	168
I70Q	missense	125
I70H	missense	130
I70P	missense	224
I70F	missense	347
I70D	missense	222
S71S	silent	460
S71A	missense	205
S71T	missense	211
S71M	missense	157
S71Y	missense	184
S71L	missense	550
S71V	missense	166
S71G	missense	273
S71_	nonsense	173
S71D	missense	94
S71R	missense	428
S71P	missense	164
S71E	missense	121
S71F	missense	119
S71C	missense	163
S71N	missense	91
S71K	missense	89
S71W	missense	178
S71Q	missense	84
S71I	missense	61
S71H	missense	125
A72H	missense	170
A72A	silent	464
A72V	missense	541
A72T	missense	333
A72R	missense	349
A72_	nonsense	114
A72Y	missense	222
A72M	missense	146
A72F	missense	366
A72Q	missense	111
A72N	missense	151
A72G	missense	487
A72P	missense	221
A72S	missense	497
A72L	missense	428
A72D	missense	210
A72E	missense	152
A72C	missense	233
A72I	missense	219
A72W	missense	190
A72K	missense	64
D73L	missense	463
D73D	silent	221
D73G	missense	613
D73N	missense	129
D73S	missense	515
D73I	missense	176
D73C	missense	339
D73V	missense	552
D73Y	missense	197
D73A	missense	332
D73H	missense	61
D73R	missense	391
D73F	missense	361
D73Q	missense	65
D73E	missense	188
D73W	missense	288
D73K	missense	93
D73T	missense	164
D73_	nonsense	183
D73P	missense	8
D73M	missense	126
I74I	silent	298
I74V	missense	704
I74D	missense	156
I74S	missense	628
I74M	missense	211
I74L	missense	909
I74W	missense	290
I74R	missense	566
I74Y	missense	223
I74F	missense	429
I74P	missense	285
I74C	missense	339
I74G	missense	529
I74_	nonsense	216
I74T	missense	319
I74K	missense	103
I74E	missense	142
I74H	missense	146
I74A	missense	345
I74N	missense	113
I74Q	missense	102
F75R	missense	484
F75W	missense	279
F75G	missense	534
F75L	missense	622
F75F	silent	445
F75_	nonsense	169
F75Y	missense	188
F75I	missense	172
F75P	missense	315
F75S	missense	610
F75E	missense	153
F75C	missense	323
F75T	missense	232
F75K	missense	105
F75V	missense	505
F75D	missense	182
F75M	missense	153
F75A	missense	193
F75H	missense	100
F75N	missense	104
F75Q	missense	13
S76R	missense	675
S76W	missense	308
S76T	missense	243
S76S	silent	618
S76V	missense	585
S76Q	missense	120
S76A	missense	409
S76_	nonsense	171
S76H	missense	106
S76C	missense	377
S76G	missense	638
S76I	missense	260
S76Y	missense	276
S76P	missense	279
S76F	missense	470
S76L	missense	856
S76K	missense	95
S76M	missense	179
S76N	missense	166
S76E	missense	125
S76D	missense	164
N77V	missense	673
N77C	missense	289
N77S	missense	694
N77N	silent	222
N77P	missense	334
N77I	missense	280
N77L	missense	629
N77A	missense	427
N77T	missense	337
N77G	missense	709
N77R	missense	617
N77F	missense	396
N77D	missense	175
N77M	missense	186
N77K	missense	175
N77Q	missense	128
N77W	missense	313
N77E	missense	177
N77Y	missense	185
N77_	nonsense	217
N77H	missense	165
T78Y	missense	211
T78G	missense	671
T78S	missense	655
T78N	missense	122
T78R	missense	620
T78I	missense	195
T78H	missense	173
T78M	missense	158
T78P	missense	414
T78W	missense	260
T78_	nonsense	178
T78T	silent	307
T78A	missense	479
T78F	missense	337
T78D	missense	200
T78L	missense	764
T78V	missense	507
T78C	missense	302
T78Q	missense	123
T78E	missense	155
T78K	missense	105
A79M	missense	8
A79D	missense	53
A79R	missense	82
A79P	missense	93
A79T	missense	69
A79H	missense	38
A79W	missense	18
A79K	missense	45
A79G	missense	89
A79Q	missense	27
A79V	missense	97
A79S	missense	90
A79A	silent	23
A79E	missense	30
A79Y	missense	29
A79N	missense	52
A79I	missense	26
A79F	missense	38
A79_	nonsense	2
A79L	missense	77
A79C	missense	17
Y80R	missense	592
Y80F	missense	394
Y80E	missense	143
Y80V	missense	562
Y80M	missense	148
Y80S	missense	755
Y80W	missense	227
Y80G	missense	502
Y80I	missense	258
Y80H	missense	200
Y80L	missense	661
Y80_	nonsense	208
Y80T	missense	239
Y80Y	silent	345
Y80D	missense	198
Y80P	missense	164
Y80C	missense	351
Y80Q	missense	180
Y80A	missense	438
Y80K	missense	97
Y80N	missense	148
M81C	missense	195
M81Y	missense	197
M81S	missense	378
M81D	missense	160
M81G	missense	428
M81L	missense	571
M81K	missense	155
M81M	silent	300
M81R	missense	532
M81F	missense	313
M81V	missense	495
M81P	missense	163
M81N	missense	145
M81I	missense	178
M81T	missense	187
M81E	missense	133
M81W	missense	276
M81A	missense	123
M81Q	missense	105
M81_	nonsense	180
M81H	missense	118
E82G	missense	682
E82P	missense	141
E82W	missense	294
E82A	missense	309
E82Q	missense	125
E82R	missense	221
E82V	missense	388
E82M	missense	120
E82L	missense	186
E82Y	missense	108
E82S	missense	353
E82E	silent	307
E82D	missense	208
E82N	missense	75
E82_	nonsense	191
E82T	missense	144
E82I	missense	150
E82F	missense	212
E82K	missense	120
E82C	missense	206
E82H	missense	83
L83V	missense	323
L83A	missense	228
L83_	nonsense	191
L83E	missense	112
L83L	silent	637
L83D	missense	163
L83R	missense	396
L83W	missense	212
L83S	missense	393
L83P	missense	149
L83M	missense	198
L83Y	missense	161
L83G	missense	349
L83Q	missense	112
L83N	missense	134
L83C	missense	222
L83K	missense	160
L83F	missense	222
L83H	missense	131
L83T	missense	176
L83I	missense	192
N84L	missense	494
N84T	missense	264
N84V	missense	540
N84G	missense	532
N84S	missense	502
N84F	missense	306
N84Y	missense	203
N84W	missense	242
N84H	missense	172
N84_	nonsense	176
N84C	missense	270
N84R	missense	343
N84A	missense	309
N84P	missense	233
N84Q	missense	144
N84D	missense	146
N84N	silent	267
N84I	missense	220
N84M	missense	190
N84K	missense	164
N84E	missense	184
S85S	silent	341
S85Y	missense	156
S85R	missense	455
S85_	nonsense	170
S85T	missense	207
S85G	missense	565
S85F	missense	184
S85P	missense	157
S85C	missense	213
S85V	missense	428
S85K	missense	115
S85A	missense	226
S85M	missense	110
S85L	missense	451
S85Q	missense	96
S85H	missense	128
S85E	missense	172
S85I	missense	128
S85W	missense	247
S85N	missense	134
S85D	missense	140
L86A	missense	358
L86E	missense	195
L86Y	missense	321
L86F	missense	485
L86Q	missense	164
L86V	missense	656
L86N	missense	205
L86M	missense	215
L86R	missense	661
L86C	missense	340
L86G	missense	697
L86L	silent	872
L86T	missense	301
L86I	missense	328
L86P	missense	243
L86W	missense	241
L86S	missense	650
L86K	missense	143
L86D	missense	176
L86_	nonsense	325
L86H	missense	165
T87A	missense	436
T87G	missense	507
T87N	missense	252
T87C	missense	258
T87F	missense	266
T87S	missense	602
T87_	nonsense	177
T87Q	missense	160
T87V	missense	555
T87R	missense	519
T87W	missense	194
T87L	missense	590
T87K	missense	207
T87H	missense	205
T87Y	missense	181
T87P	missense	256
T87E	missense	165
T87T	silent	398
T87I	missense	292
T87M	missense	219
T87D	missense	182
S88_	nonsense	157
S88S	silent	630
S88L	missense	530
S88F	missense	321
S88N	missense	139
S88G	missense	502
S88P	missense	287
S88C	missense	320
S88R	missense	470
S88K	missense	168
S88W	missense	237
S88Q	missense	163
S88A	missense	155
S88H	missense	131
S88T	missense	264
S88Y	missense	290
S88V	missense	329
S88I	missense	231
S88E	missense	176
S88D	missense	154
S88M	missense	191
E89A	missense	336
E89P	missense	194
E89V	missense	248
E89G	missense	399
E89S	missense	483
E89Q	missense	144
E89W	missense	324
E89I	missense	240
E89E	silent	370
E89L	missense	747
E89T	missense	262
E89N	missense	230
E89M	missense	239
E89_	nonsense	270
E89H	missense	160
E89C	missense	297
E89D	missense	246
E89Y	missense	245
E89R	missense	523
E89F	missense	341
E89K	missense	278
D90W	missense	223
D90S	missense	374
D90Q	missense	112
D90M	missense	199
D90I	missense	259
D90R	missense	322
D90V	missense	240
D90K	missense	144
D90Y	missense	266
D90D	silent	309
D90G	missense	235
D90F	missense	343
D90T	missense	151
D90N	missense	192
D90H	missense	136
D90C	missense	256
D90_	nonsense	194
D90L	missense	492
D90E	missense	78
D90A	missense	63
D90P	missense	93
T91S	missense	640
T91P	missense	218
T91I	missense	284
T91R	missense	555
T91C	missense	268
T91T	silent	403
T91A	missense	307
T91W	missense	244
T91Q	missense	109
T91L	missense	605
T91E	missense	107
T91M	missense	331
T91K	missense	242
T91Y	missense	325
T91N	missense	313
T91G	missense	521
T91F	missense	325
T91V	missense	453
T91_	nonsense	279
T91H	missense	159
T91D	missense	120
A92G	missense	535
A92V	missense	506
A92Q	missense	217
A92E	missense	206
A92S	missense	609
A92L	missense	547
A92D	missense	206
A92A	silent	455
A92_	nonsense	222
A92M	missense	257
A92F	missense	304
A92N	missense	225
A92R	missense	573
A92C	missense	286
A92T	missense	332
A92I	missense	228
A92W	missense	253
A92K	missense	183
A92Y	missense	244
A92P	missense	314
A92H	missense	179
V93F	missense	373
V93G	missense	710
V93W	missense	226
V93L	missense	626
V93Q	missense	133
V93E	missense	267
V93T	missense	314
V93Y	missense	300
V93H	missense	175
V93V	silent	745
V93C	missense	355
V93D	missense	246
V93R	missense	530
V93S	missense	563
V93_	nonsense	264
V93I	missense	279
V93A	missense	461
V93N	missense	203
V93P	missense	221
V93K	missense	164
V93M	missense	251
Y94A	missense	107
Y94F	missense	231
Y94L	missense	437
Y94_	nonsense	206
Y94G	missense	210
Y94Q	missense	92
Y94S	missense	289
Y94N	missense	227
Y94E	missense	163
Y94T	missense	167
Y94I	missense	171
Y94W	missense	182
Y94Y	silent	213
Y94M	missense	192
Y94R	missense	228
Y94K	missense	134
Y94D	missense	151
Y94P	missense	133
Y94H	missense	123
Y94V	missense	348
Y94C	missense	48
F95L	missense	458
F95D	missense	195
F95V	missense	372
F95N	missense	192
F95G	missense	259
F95R	missense	245
F95M	missense	168
F95F	silent	219
F95A	missense	120
F95K	missense	148
F95Y	missense	169
F95H	missense	128
F95T	missense	162
F95I	missense	231
F95S	missense	287
F95Q	missense	78
F95E	missense	82
F95W	missense	112
F95_	nonsense	104
F95C	missense	168
F95P	missense	67
C96I	missense	201
C96Y	missense	195
C96K	missense	196
C96S	missense	478
C96N	missense	185
C96M	missense	186
C96_	nonsense	222
C96L	missense	575
C96G	missense	535
C96R	missense	320
C96T	missense	149
C96E	missense	210
C96V	missense	442
C96F	missense	296
C96D	missense	210
C96A	missense	220
C96W	missense	396
C96H	missense	197
C96P	missense	188
C96C	silent	258
C96Q	missense	152
A97G	missense	364
A97Y	missense	242
A97N	missense	349
A97A	silent	440
A97Q	missense	229
A97D	missense	221
A97K	missense	229
A97T	missense	321
A97R	missense	395
A97L	missense	461
A97S	missense	447
A97I	missense	231
A97E	missense	143
A97V	missense	401
A97F	missense	210
A97P	missense	326
A97_	nonsense	218
A97C	missense	151
A97M	missense	174
A97H	missense	234
A97W	missense	105
R98R	silent	618
R98D	missense	185
R98Y	missense	270
R98P	missense	262
R98G	missense	363
R98E	missense	153
R98V	missense	341
R98W	missense	214
R98K	missense	195
R98S	missense	462
R98F	missense	239
R98T	missense	328
R98L	missense	480
R98M	missense	146
R98A	missense	343
R98I	missense	251
R98N	missense	236
R98H	missense	152
R98C	missense	235
R98_	nonsense	212
R98Q	missense	193
H99S	missense	479
H99G	missense	408
H99T	missense	426
H99W	missense	131
H99V	missense	359
H99Q	missense	240
H99_	nonsense	199
H99M	missense	220
H99E	missense	217
H99L	missense	412
H99C	missense	130
H99K	missense	250
H99A	missense	278
H99R	missense	514
H99I	missense	256
H99H	silent	245
H99D	missense	192
H99F	missense	182
H99N	missense	240
H99P	missense	327
H99Y	missense	187
G100S	missense	547
G100L	missense	454
G100W	missense	187
G100M	missense	204
G100K	missense	235
G100G	silent	424
G100H	missense	163
G100I	missense	217
G100P	missense	203
G100A	missense	322
G100N	missense	218
G100C	missense	164
G100V	missense	355
G100F	missense	198
G100D	missense	243
G100R	missense	581
G100Y	missense	131
G100_	nonsense	174
G100T	missense	342
G100Q	missense	175
G100E	missense	168
N101F	missense	160
N101_	nonsense	180
N101I	missense	182
N101N	silent	289
N101L	missense	326
N101C	missense	163
N101M	missense	146
N101P	missense	266
N101S	missense	381
N101R	missense	405
N101A	missense	230
N101G	missense	308
N101Y	missense	224
N101W	missense	135
N101T	missense	302
N101E	missense	147
N101V	missense	214
N101H	missense	133
N101Q	missense	142
N101D	missense	158
N101K	missense	225
Y102C	missense	164
Y102K	missense	227
Y102R	missense	467
Y102S	missense	487
Y102A	missense	256
Y102H	missense	132
Y102F	missense	153
Y102P	missense	241
Y102L	missense	401
Y102M	missense	229
Y102T	missense	308
Y102_	nonsense	191
Y102Y	silent	217
Y102W	missense	165
Y102N	missense	198
Y102V	missense	305
Y102Q	missense	187
Y102D	missense	159
Y102E	missense	148
Y102G	missense	350
Y102I	missense	163
Y103G	missense	465
Y103L	missense	386
Y103Q	missense	136
Y103V	missense	387
Y103E	missense	196
Y103M	missense	182
Y103T	missense	257
Y103D	missense	212
Y103W	missense	152
Y103R	missense	517
Y103C	missense	132
Y103A	missense	277
Y103S	missense	434
Y103Y	silent	220
Y103_	nonsense	221
Y103F	missense	178
Y103P	missense	188
Y103H	missense	168
Y103K	missense	229
Y103N	missense	231
Y103I	missense	209
Y104R	missense	239
Y104E	missense	184
Y104F	missense	206
Y104M	missense	192
Y104A	missense	268
Y104I	missense	202
Y104_	nonsense	223
Y104D	missense	173
Y104G	missense	121
Y104L	missense	518
Y104K	missense	269
Y104V	missense	268
Y104Q	missense	194
Y104C	missense	77
Y104S	missense	373
Y104T	missense	389
Y104P	missense	117
Y104Y	silent	209
Y104H	missense	250
Y104N	missense	215
Y104W	missense	152
Y105A	missense	122
Y105C	missense	286
Y105G	missense	271
Y105H	missense	159
Y105Y	silent	555
Y105L	missense	502
Y105F	missense	296
Y105I	missense	260
Y105S	missense	462
Y105T	missense	192
Y105M	missense	169
Y105P	missense	120
Y105_	nonsense	208
Y105W	missense	175
Y105R	missense	301
Y105N	missense	183
Y105E	missense	127
Y105Q	missense	96
Y105D	missense	183
Y105V	missense	259
Y105K	missense	143
S106R	missense	196
S106H	missense	89
S106F	missense	286
S106C	missense	208
S106P	missense	101
S106W	missense	140
S106Q	missense	59
S106M	missense	94
S106K	missense	91
S106V	missense	231
S106I	missense	160
S106S	silent	592
S106_	nonsense	137
S106Y	missense	200
S106N	missense	115
S106L	missense	373
S106A	missense	183
S106G	missense	251
S106T	missense	178
S106E	missense	70
S106D	missense	118
G107G	silent	531
G107F	missense	334
G107R	missense	454
G107D	missense	220
G107A	missense	251
G107V	missense	443
G107Q	missense	75
G107C	missense	341
G107S	missense	508
G107H	missense	129
G107P	missense	130
G107_	nonsense	224
G107Y	missense	261
G107L	missense	519
G107E	missense	176
G107T	missense	243
G107M	missense	213
G107K	missense	162
G107I	missense	279
G107W	missense	195
G107N	missense	210
M108N	missense	249
M108P	missense	171
M108G	missense	228
M108C	missense	232
M108E	missense	136
M108L	missense	532
M108Y	missense	293
M108H	missense	212
M108W	missense	128
M108M	silent	726
M108D	missense	159
M108S	missense	510
M108Q	missense	138
M108R	missense	321
M108K	missense	196
M108A	missense	182
M108F	missense	373
M108I	missense	298
M108_	nonsense	182
M108T	missense	183
M108V	missense	202
D109S	missense	6
D109Y	missense	1
D109G	missense	1
D109D	silent	1
D109T	missense	2
D109P	missense	1
V110_	nonsense	152
V110M	missense	183
V110W	missense	138
V110L	missense	514
V110H	missense	134
V110I	missense	230
V110S	missense	346
V110A	missense	216
V110V	silent	234
V110F	missense	324
V110D	missense	55
V110P	missense	135
V110R	missense	280
V110T	missense	232
V110Y	missense	224
V110G	missense	15
V110N	missense	167
V110E	missense	86
V110C	missense	145
V110Q	missense	87
V110K	missense	142
W111P	missense	186
W111W	silent	655
W111R	missense	436
W111H	missense	162
W111F	missense	330
W111V	missense	388
W111L	missense	580
W111Y	missense	257
W111E	missense	165
W111D	missense	151
W111M	missense	190
W111S	missense	540
W111I	missense	217
W111G	missense	275
W111C	missense	260
W111Q	missense	123
W111N	missense	203
W111_	nonsense	228
W111K	missense	143
W111A	missense	219
W111T	missense	219
G112T	missense	198
G112L	missense	597
G112W	missense	236
G112G	silent	1093
G112V	missense	592
G112F	missense	393
G112A	missense	342
G112M	missense	230
G112H	missense	141
G112N	missense	171
G112D	missense	267
G112I	missense	214
G112S	missense	436
G112C	missense	316
G112Q	missense	130
G112_	nonsense	171
G112Y	missense	271
G112K	missense	90
G112R	missense	600
G112P	missense	165
G112E	missense	203
Q113C	missense	225
Q113T	missense	186
Q113S	missense	487
Q113H	missense	175
Q113M	missense	166
Q113A	missense	198
Q113I	missense	223
Q113L	missense	540
Q113W	missense	142
Q113P	missense	149
Q113F	missense	273
Q113K	missense	123
Q113Y	missense	267
Q113G	missense	263
Q113V	missense	338
Q113R	missense	326
Q113E	missense	120
Q113_	nonsense	133
Q113Q	silent	165
Q113D	missense	133
Q113N	missense	183
G114N	missense	161
G114R	missense	463
G114L	missense	489
G114G	silent	384
G114C	missense	190
G114I	missense	210
G114W	missense	191
G114_	nonsense	153
G114T	missense	185
G114F	missense	320
G114M	missense	146
G114A	missense	205
G114H	missense	101
G114E	missense	95
G114Q	missense	96
G114S	missense	416
G114Y	missense	193
G114V	missense	365
G114P	missense	96
G114D	missense	151
G114K	missense	156
T115T	silent	238
T115K	missense	108
T115R	missense	358
T115Q	missense	92
T115S	missense	384
T115L	missense	426
T115V	missense	322
T115F	missense	264
T115E	missense	87
T115A	missense	162
T115P	missense	119
T115D	missense	117
T115Y	missense	187
T115G	missense	233
T115W	missense	118
T115I	missense	286
T115C	missense	140
T115_	nonsense	109
T115N	missense	147
T115H	missense	114
T115M	missense	125
T116_	nonsense	112
T116S	missense	406
T116N	missense	155
T116T	silent	243
T116L	missense	383
T116V	missense	319
T116R	missense	340
T116G	missense	252
T116K	missense	112
T116D	missense	102
T116F	missense	260
T116A	missense	214
T116M	missense	109
T116I	missense	212
T116H	missense	157
T116W	missense	120
T116C	missense	158
T116Q	missense	108
T116E	missense	102
T116P	missense	150
T116Y	missense	183
V117C	missense	231
V117P	missense	129
V117L	missense	408
V117W	missense	151
V117S	missense	395
V117A	missense	193
V117I	missense	210
V117G	missense	339
V117H	missense	122
V117_	nonsense	148
V117V	silent	350
V117T	missense	183
V117E	missense	120
V117F	missense	278
V117R	missense	310
V117Y	missense	210
V117D	missense	151
V117M	missense	139
V117Q	missense	69
V117K	missense	91
V117N	missense	178
T118K	missense	128
T118A	missense	201
T118F	missense	201
T118P	missense	126
T118Y	missense	163
T118R	missense	311
T118I	missense	203
T118_	nonsense	88
T118H	missense	101
T118M	missense	125
T118N	missense	181
T118T	silent	267
T118S	missense	410
T118W	missense	102
T118G	missense	176
T118C	missense	142
T118L	missense	323
T118V	missense	268
T118E	missense	25
T118Q	missense	76
T118D	missense	31
V119C	missense	185
V119M	missense	109
V119L	missense	336
V119H	missense	116
V119Y	missense	149
V119S	missense	322
V119P	missense	126
V119I	missense	150
V119T	missense	168
V119E	missense	113
V119K	missense	116
V119N	missense	173
V119_	nonsense	127
V119W	missense	166
V119A	missense	181
V119R	missense	197
V119F	missense	198
V119V	silent	285
V119D	missense	98
V119G	missense	269
V119Q	missense	67
S120G	missense	262
S120V	missense	289
S120T	missense	234
S120H	missense	105
S120R	missense	288
S120W	missense	115
S120N	missense	197
S120A	missense	227
S120Y	missense	237
S120S	silent	455
S120E	missense	85
S120F	missense	261
S120P	missense	103
S120L	missense	279
S120C	missense	206
S120M	missense	123
S120Q	missense	89
S120_	nonsense	102
S120I	missense	235
S120D	missense	139
S120K	missense	73
WT	WT	60454
